Workbook

Sheet ticket
A1: ticket_id | B1: created_at | C1: closed_at | D1: outlet_id | E1: cms_id
A2: isu-sjd-457 | B2: 2021-08-19 16:45:43 | C2: 2021-08-22 12:33:32 | D2: wrqy-juv-978 | E2: vew-iuvd-12
A3: qer-fal-092 | B3: 2021-08-21 11:09:22 | C3: 2021-08-21 17:13:45 | D3: 8woh-k3u-23b | E3: cms-ber-34
A4: isu-mno-183 | B4: 2021-08-23 09:30:00 | C4: 2021-08-23 09:55:00 | D4: wrqy-juv-978 | E4: cms-xyz-55
A5: isu-pqr-774 | B5: 2021-08-24 14:20:10 | C5: 2021-08-25 10:00:00 | D5: 8woh-k3u-23b | E5: cms-abc-77
A6: isu-stu-219 | B6: 2021-08-25 08:00:00 | C6: 2021-08-25 08:45:00 | D6: wrqy-juv-978 | E6: cms-def-99
A7: isu-vwx-334 | B7: 2021-08-26 11:00:00 | C7: 2021-08-26 11:30:00 | D7: 9ert-lmu-45c | E7: cms-ghi-11
A8: isu-yza-561 | B8: 2021-08-27 15:00:00 | C8: 2021-08-28 09:00:00 | D8: 9ert-lmu-45c | E8: cms-jkl-22
A9: isu-bcd-882 | B9: 2021-08-28 10:15:00 | C9: 2021-08-28 10:45:00 | D9: wrqy-juv-978 | E9: cms-mno-33
A10: isu-efg-103 | B10: 2021-08-29 13:30:00 | C10: 2021-08-30 13:30:00 | D10: 8woh-k3u-23b | E10: cms-pqr-44
A11: isu-hij-247 | B11: 2021-08-30 16:00:00 | C11: 2021-08-30 16:50:00 | D11: 9ert-lmu-45c | E11: cms-stu-55

Sheet feedbacks
A1: cms_id | B1: feedback_at | C1: feedback_rating | D1: ticket_created_at
A2: vew-iuvd-12 | B2: 2021-08-21 13:26:48 | C2: 3 | D2: =IFERROR(INDEX(ticket!B:B,MATCH(A2,ticket!E:E,0)),"Not Found")
A3: cms-ber-34 | B3: 2021-08-22 10:00:00 | C3: 5 | D3: =IFERROR(INDEX(ticket!B:B,MATCH(A3,ticket!E:E,0)),"Not Found")
A4: cms-xyz-55 | B4: 2021-08-23 11:00:00 | C4: 4 | D4: =IFERROR(INDEX(ticket!B:B,MATCH(A4,ticket!E:E,0)),"Not Found")
A5: cms-abc-77 | B5: 2021-08-25 14:30:00 | C5: 2 | D5: =IFERROR(INDEX(ticket!B:B,MATCH(A5,ticket!E:E,0)),"Not Found")
A6: cms-def-99 | B6: 2021-08-25 09:30:00 | C6: 5 | D6: =IFERROR(INDEX(ticket!B:B,MATCH(A6,ticket!E:E,0)),"Not Found")
A7: cms-ghi-11 | B7: 2021-08-26 12:00:00 | C7: 3 | D7: =IFERROR(INDEX(ticket!B:B,MATCH(A7,ticket!E:E,0)),"Not Found")
A8: cms-jkl-22 | B8: 2021-08-28 10:00:00 | C8: 4 | D8: =IFERROR(INDEX(ticket!B:B,MATCH(A8,ticket!E:E,0)),"Not Found")
A9: cms-mno-33 | B9: 2021-08-28 11:30:00 | C9: 5 | D9: =IFERROR(INDEX(ticket!B:B,MATCH(A9,ticket!E:E,0)),"Not Found")
A10: cms-pqr-44 | B10: 2021-08-30 14:00:00 | C10: 1 | D10: =IFERROR(INDEX(ticket!B:B,MATCH(A10,ticket!E:E,0)),"Not Found")
A11: cms-stu-55 | B11: 2021-08-31 09:00:00 | C11: 4 | D11: =IFERROR(INDEX(ticket!B:B,MATCH(A11,ticket!E:E,0)),"Not Found")

Sheet analysis
A1: Ticket Analysis – Q2: Outlet-wise Same Day & Same Hour Closure
A2: ticket_id | B2: outlet_id | C2: created_at | D2: closed_at | E2: same_day? | F2: same_hour?
A3: isu-sjd-457 | B3: wrqy-juv-978 | C3: 2021-08-19 16:45:43 | D3: 2021-08-22 12:33:32 | E3: =IF(INT(C3)=INT(D3),"Yes","No") | F3: =IF(AND(INT(C3)=INT(D3),HOUR(C3)=HOUR(D3)),"Yes","No")
A4: qer-fal-092 | B4: 8woh-k3u-23b | C4: 2021-08-21 11:09:22 | D4: 2021-08-21 17:13:45 | E4: =IF(INT(C4)=INT(D4),"Yes","No") | F4: =IF(AND(INT(C4)=INT(D4),HOUR(C4)=HOUR(D4)),"Yes","No")
A5: isu-mno-183 | B5: wrqy-juv-978 | C5: 2021-08-23 09:30:00 | D5: 2021-08-23 09:55:00 | E5: =IF(INT(C5)=INT(D5),"Yes","No") | F5: =IF(AND(INT(C5)=INT(D5),HOUR(C5)=HOUR(D5)),"Yes","No")
A6: isu-pqr-774 | B6: 8woh-k3u-23b | C6: 2021-08-24 14:20:10 | D6: 2021-08-25 10:00:00 | E6: =IF(INT(C6)=INT(D6),"Yes","No") | F6: =IF(AND(INT(C6)=INT(D6),HOUR(C6)=HOUR(D6)),"Yes","No")
A7: isu-stu-219 | B7: wrqy-juv-978 | C7: 2021-08-25 08:00:00 | D7: 2021-08-25 08:45:00 | E7: =IF(INT(C7)=INT(D7),"Yes","No") | F7: =IF(AND(INT(C7)=INT(D7),HOUR(C7)=HOUR(D7)),"Yes","No")
A8: isu-vwx-334 | B8: 9ert-lmu-45c | C8: 2021-08-26 11:00:00 | D8: 2021-08-26 11:30:00 | E8: =IF(INT(C8)=INT(D8),"Yes","No") | F8: =IF(AND(INT(C8)=INT(D8),HOUR(C8)=HOUR(D8)),"Yes","No")
A9: isu-yza-561 | B9: 9ert-lmu-45c | C9: 2021-08-27 15:00:00 | D9: 2021-08-28 09:00:00 | E9: =IF(INT(C9)=INT(D9),"Yes","No") | F9: =IF(AND(INT(C9)=INT(D9),HOUR(C9)=HOUR(D9)),"Yes","No")
A10: isu-bcd-882 | B10: wrqy-juv-978 | C10: 2021-08-28 10:15:00 | D10: 2021-08-28 10:45:00 | E10: =IF(INT(C10)=INT(D10),"Yes","No") | F10: =IF(AND(INT(C10)=INT(D10),HOUR(C10)=HOUR(D10)),"Yes","No")
A11: isu-efg-103 | B11: 8woh-k3u-23b | C11: 2021-08-29 13:30:00 | D11: 2021-08-30 13:30:00 | E11: =IF(INT(C11)=INT(D11),"Yes","No") | F11: =IF(AND(INT(C11)=INT(D11),HOUR(C11)=HOUR(D11)),"Yes","No")
A12: isu-hij-247 | B12: 9ert-lmu-45c | C12: 2021-08-30 16:00:00 | D12: 2021-08-30 16:50:00 | E12: =IF(INT(C12)=INT(D12),"Yes","No") | F12: =IF(AND(INT(C12)=INT(D12),HOUR(C12)=HOUR(D12)),"Yes","No")
A14: Outlet-wise Count Summary
A15: outlet_id | B15: Tickets Created & Closed Same Day | C15: Tickets Created & Closed Same Hour
A16: 8woh-k3u-23b | B16: =COUNTIFS($B$3:$B$12,A16,$E$3:$E$12,"Yes") | C16: =COUNTIFS($B$3:$B$12,A16,$F$3:$F$12,"Yes")
A17: 9ert-lmu-45c | B17: =COUNTIFS($B$3:$B$12,A17,$E$3:$E$12,"Yes") | C17: =COUNTIFS($B$3:$B$12,A17,$F$3:$F$12,"Yes")
A18: wrqy-juv-978 | B18: =COUNTIFS($B$3:$B$12,A18,$E$3:$E$12,"Yes") | C18: =COUNTIFS($B$3:$B$12,A18,$F$3:$F$12,"Yes")

Sheet documentation
A1: PlatinumRx Assignment – Spreadsheet Phase Documentation
A2: Sheet | B2: Formula / Technique | C2: Explanation
A3: feedbacks | B3: ticket_created_at (col D) | C3: =IFERROR(INDEX(ticket!B:B,MATCH(A2,ticket!E:E,0)),"Not Found") – Finds cms_id in ticket sheet col E, returns corresponding created_at from col B. INDEX+MATCH is preferred over VLOOKUP as lookup column need not be first.
A4: analysis | B4: Same Day? (col E) | C4: =IF(INT(C3)=INT(D3),"Yes","No") – INT() strips the time portion from a datetime serial. If both dates have the same integer part, the ticket was opened and closed on the same calendar day.
A5: analysis | B5: Same Hour? (col F) | C5: =IF(AND(INT(C3)=INT(D3),HOUR(C3)=HOUR(D3)),"Yes","No") – First ensures same day, then checks HOUR() of both timestamps. Both conditions must be true (AND) for 'Yes'.
A6: analysis | B6: Summary COUNTIFS | C6: =COUNTIFS($B$3:$B$12,A14,$E$3:$E$12,"Yes") – Counts rows where outlet_id matches AND same_day/same_hour is 'Yes'. Absolute references ($) let the formula be copied down without drift.
